INSERT INTO `t2_brand` (`Brand_id`, `name`) VALUES (1, '苹果');
INSERT INTO `t2_brand` (`Brand_id`, `name`) VALUES (2, '华为');
INSERT INTO `t2_brand` (`Brand_id`, `name`) VALUES (3, '小米');
INSERT INTO `t2_brand` (`Brand_id`, `name`) VALUES (4, '诺基亚');
INSERT INTO `t2_brand` (`Brand_id`, `name`) VALUES (5, '路易·威登');
INSERT INTO `t2_brand` (`Brand_id`, `name`) VALUES (6, 'SSPP');
INSERT INTO `t2_brand` (`Brand_id`, `name`) VALUES (7, '香奈儿');
INSERT INTO `t2_brand` (`Brand_id`, `name`) VALUES (8, '大疆');
INSERT INTO `t2_category` (`Categories_id`, `Parent_id`, `name`) VALUES (1, NULL, '电器电子');
INSERT INTO `t2_category` (`Categories_id`, `Parent_id`, `name`) VALUES (2, NULL, '服装服饰');
INSERT INTO `t2_category` (`Categories_id`, `Parent_id`, `name`) VALUES (3, NULL, '办公用品');
INSERT INTO `t2_category` (`Categories_id`, `Parent_id`, `name`) VALUES (4, 1, '电脑');
INSERT INTO `t2_category` (`Categories_id`, `Parent_id`, `name`) VALUES (5, 1, '手机');
INSERT INTO `t2_category` (`Categories_id`, `Parent_id`, `name`) VALUES (6, 2, '帽子');
INSERT INTO `t2_category` (`Categories_id`, `Parent_id`, `name`) VALUES (7, 2, '衣服');
INSERT INTO `t2_category` (`Categories_id`, `Parent_id`, `name`) VALUES (8, 4, '台式电脑');
INSERT INTO `t2_category` (`Categories_id`, `Parent_id`, `name`) VALUES (9, 4, '笔记本');
INSERT INTO `t2_category` (`Categories_id`, `Parent_id`, `name`) VALUES (10, 4, 'Ipad');
INSERT INTO `t2_procduct` (`Procduct_id`, `Categories_id`, `Brand_id`, `name`) VALUES (1, 4, 1, 'iMac aaa');
INSERT INTO `t2_procduct` (`Procduct_id`, `Categories_id`, `Brand_id`, `name`) VALUES (2, 4, 1, 'Macbook Air bbb');
INSERT INTO `t2_procduct` (`Procduct_id`, `Categories_id`, `Brand_id`, `name`) VALUES (3, 4, 4, 'Nokia ddd');
INSERT INTO `t2_procduct` (`Procduct_id`, `Categories_id`, `Brand_id`, `name`) VALUES (4, 5, 1, 'Iphone 6');
INSERT INTO `t2_procduct` (`Procduct_id`, `Categories_id`, `Brand_id`, `name`) VALUES (5, 5, 1, 'Iphone 6sp');
INSERT INTO `t2_procduct` (`Procduct_id`, `Categories_id`, `Brand_id`, `name`) VALUES (6, 5, 3, '小米4');
INSERT INTO `t2_procduct` (`Procduct_id`, `Categories_id`, `Brand_id`, `name`) VALUES (7, 5, 3, '红米9');
INSERT INTO `t2_procduct` (`Procduct_id`, `Categories_id`, `Brand_id`, `name`) VALUES (8, 6, 5, '贝雷帽 1999');
INSERT INTO `t2_procduct` (`Procduct_id`, `Categories_id`, `Brand_id`, `name`) VALUES (9, 7, 5, '上衣 COACH 1941');
INSERT INTO `t2_procduct` (`Procduct_id`, `Categories_id`, `Brand_id`, `name`) VALUES (10, 7, 7, '围脖 1945');
INSERT INTO `t2_procduct` (`Procduct_id`, `Categories_id`, `Brand_id`, `name`) VALUES (11, 1, 8, '无人机');
INSERT INTO `t2_productpropertyvalue` (`ProductPropertyValue_id`, `Procduct_id`, `Property_id`, `PropertyValue_id`) VALUES (1, 1, 1, 1);
INSERT INTO `t2_productpropertyvalue` (`ProductPropertyValue_id`, `Procduct_id`, `Property_id`, `PropertyValue_id`) VALUES (2, 3, 1, 2);
INSERT INTO `t2_productpropertyvalue` (`ProductPropertyValue_id`, `Procduct_id`, `Property_id`, `PropertyValue_id`) VALUES (3, 5, 1, 1);
INSERT INTO `t2_productpropertyvalue` (`ProductPropertyValue_id`, `Procduct_id`, `Property_id`, `PropertyValue_id`) VALUES (4, 6, 1, 4);
INSERT INTO `t2_productpropertyvalue` (`ProductPropertyValue_id`, `Procduct_id`, `Property_id`, `PropertyValue_id`) VALUES (5, 7, 1, 2);
INSERT INTO `t2_productpropertyvalue` (`ProductPropertyValue_id`, `Procduct_id`, `Property_id`, `PropertyValue_id`) VALUES (6, 8, 1, 5);
INSERT INTO `t2_productpropertyvalue` (`ProductPropertyValue_id`, `Procduct_id`, `Property_id`, `PropertyValue_id`) VALUES (7, 1, 3, 6);
INSERT INTO `t2_productpropertyvalue` (`ProductPropertyValue_id`, `Procduct_id`, `Property_id`, `PropertyValue_id`) VALUES (8, 1, 3, 7);
INSERT INTO `t2_productpropertyvalue` (`ProductPropertyValue_id`, `Procduct_id`, `Property_id`, `PropertyValue_id`) VALUES (9, 1, 3, 9);
INSERT INTO `t2_productpropertyvalue` (`ProductPropertyValue_id`, `Procduct_id`, `Property_id`, `PropertyValue_id`) VALUES (10, 1, 6, 11);
INSERT INTO `t2_productpropertyvalue` (`ProductPropertyValue_id`, `Procduct_id`, `Property_id`, `PropertyValue_id`) VALUES (11, 1, 6, 12);
INSERT INTO `t2_productpropertyvalue` (`ProductPropertyValue_id`, `Procduct_id`, `Property_id`, `PropertyValue_id`) VALUES (12, 1, 7, 13);
INSERT INTO `t2_productpropertyvalue` (`ProductPropertyValue_id`, `Procduct_id`, `Property_id`, `PropertyValue_id`) VALUES (13, 4, 7, 14);
INSERT INTO `t2_productpropertyvalue` (`ProductPropertyValue_id`, `Procduct_id`, `Property_id`, `PropertyValue_id`) VALUES (14, 5, 7, 16);
INSERT INTO `t2_productpropertyvalue` (`ProductPropertyValue_id`, `Procduct_id`, `Property_id`, `PropertyValue_id`) VALUES (15, 7, 7, 17);
INSERT INTO `t2_productpropertyvalue` (`ProductPropertyValue_id`, `Procduct_id`, `Property_id`, `PropertyValue_id`) VALUES (16, 9, 9, 18);
INSERT INTO `t2_productpropertyvalue` (`ProductPropertyValue_id`, `Procduct_id`, `Property_id`, `PropertyValue_id`) VALUES (17, 9, 9, 19);
INSERT INTO `t2_productpropertyvalue` (`ProductPropertyValue_id`, `Procduct_id`, `Property_id`, `PropertyValue_id`) VALUES (18, 9, 9, 20);
INSERT INTO `t2_productpropertyvalue` (`ProductPropertyValue_id`, `Procduct_id`, `Property_id`, `PropertyValue_id`) VALUES (19, 10, 9, 19);
INSERT INTO `t2_productpropertyvalue` (`ProductPropertyValue_id`, `Procduct_id`, `Property_id`, `PropertyValue_id`) VALUES (20, 10, 9, 20);
INSERT INTO `t2_productpropertyvalue` (`ProductPropertyValue_id`, `Procduct_id`, `Property_id`, `PropertyValue_id`) VALUES (21, 11, 1, 1);
INSERT INTO `t2_productpropertyvalue` (`ProductPropertyValue_id`, `Procduct_id`, `Property_id`, `PropertyValue_id`) VALUES (22, 11, 7, 21);
INSERT INTO `t2_productpropertyvalue` (`ProductPropertyValue_id`, `Procduct_id`, `Property_id`, `PropertyValue_id`) VALUES (23, 11, 11, 22);
INSERT INTO `t2_property` (`Property_id`, `name`) VALUES (1, '颜色');
INSERT INTO `t2_property` (`Property_id`, `name`) VALUES (2, '屏幕尺寸');
INSERT INTO `t2_property` (`Property_id`, `name`) VALUES (3, '屏幕分辨率');
INSERT INTO `t2_property` (`Property_id`, `name`) VALUES (4, 'CPU型号');
INSERT INTO `t2_property` (`Property_id`, `name`) VALUES (5, '硬盘容量');
INSERT INTO `t2_property` (`Property_id`, `name`) VALUES (6, '内存');
INSERT INTO `t2_property` (`Property_id`, `name`) VALUES (7, '重量');
INSERT INTO `t2_property` (`Property_id`, `name`) VALUES (8, '手机类型');
INSERT INTO `t2_property` (`Property_id`, `name`) VALUES (9, '材料');
INSERT INTO `t2_property` (`Property_id`, `name`) VALUES (10, '衣长');
INSERT INTO `t2_property` (`Property_id`, `name`) VALUES (11, '轴数');
INSERT INTO `t2_propertyvalue` (`PropertyValue_id`, `Property_id`, `Value`) VALUES (1, 1, '白色');
INSERT INTO `t2_propertyvalue` (`PropertyValue_id`, `Property_id`, `Value`) VALUES (2, 1, '黑色');
INSERT INTO `t2_propertyvalue` (`PropertyValue_id`, `Property_id`, `Value`) VALUES (3, 1, '红色');
INSERT INTO `t2_propertyvalue` (`PropertyValue_id`, `Property_id`, `Value`) VALUES (4, 1, '蓝色');
INSERT INTO `t2_propertyvalue` (`PropertyValue_id`, `Property_id`, `Value`) VALUES (5, 1, '灰色');
INSERT INTO `t2_propertyvalue` (`PropertyValue_id`, `Property_id`, `Value`) VALUES (6, 2, '360X540');
INSERT INTO `t2_propertyvalue` (`PropertyValue_id`, `Property_id`, `Value`) VALUES (7, 2, '540X720');
INSERT INTO `t2_propertyvalue` (`PropertyValue_id`, `Property_id`, `Value`) VALUES (8, 2, '720X960');
INSERT INTO `t2_propertyvalue` (`PropertyValue_id`, `Property_id`, `Value`) VALUES (9, 2, '720X1280');
INSERT INTO `t2_propertyvalue` (`PropertyValue_id`, `Property_id`, `Value`) VALUES (10, 6, '1 GB');
INSERT INTO `t2_propertyvalue` (`PropertyValue_id`, `Property_id`, `Value`) VALUES (11, 6, '2 GB');
INSERT INTO `t2_propertyvalue` (`PropertyValue_id`, `Property_id`, `Value`) VALUES (12, 6, '4 GB');
INSERT INTO `t2_propertyvalue` (`PropertyValue_id`, `Property_id`, `Value`) VALUES (13, 6, '8 GB');
INSERT INTO `t2_propertyvalue` (`PropertyValue_id`, `Property_id`, `Value`) VALUES (14, 7, '100 g');
INSERT INTO `t2_propertyvalue` (`PropertyValue_id`, `Property_id`, `Value`) VALUES (15, 7, '200 g');
INSERT INTO `t2_propertyvalue` (`PropertyValue_id`, `Property_id`, `Value`) VALUES (16, 7, '300 g');
INSERT INTO `t2_propertyvalue` (`PropertyValue_id`, `Property_id`, `Value`) VALUES (17, 7, '400 g');
INSERT INTO `t2_propertyvalue` (`PropertyValue_id`, `Property_id`, `Value`) VALUES (18, 9, '棉');
INSERT INTO `t2_propertyvalue` (`PropertyValue_id`, `Property_id`, `Value`) VALUES (19, 9, '亚麻');
INSERT INTO `t2_propertyvalue` (`PropertyValue_id`, `Property_id`, `Value`) VALUES (20, 9, '人造纤维');
INSERT INTO `t2_propertyvalue` (`PropertyValue_id`, `Property_id`, `Value`) VALUES (21, 7, '1 KG');
INSERT INTO `t2_propertyvalue` (`PropertyValue_id`, `Property_id`, `Value`) VALUES (22, 11, '6');
